"Tweet Id","Media Id","Media URL","Tweet URL"
"""1444745346802913296""","""1443448869216530435""",https://pbs.twimg.com/media/FAgpGU0XMAMMU47.jpg,https://t.co/Tfp7ugfi3S
"""1444691153358569484""","""1440731455978541058""",https://pbs.twimg.com/media/E_6BoDpVEAI3X3t.jpg,https://t.co/8m5ipSOStY
"""1443892896298676227""","""1443324677573603329""",https://pbs.twimg.com/media/FAe4Ja5UcAELzgo.jpg,https://t.co/eBZyJECvQp
"""1442576584268042241""","""1442576582414159878""",https://pbs.twimg.com/media/FAUPwjQX0AY9FQH.jpg,https://t.co/fwlspGWZlW
"""1441456162797350918""","""1441446331806064645""",https://pbs.twimg.com/media/FAELzToXIAUiM4Z.jpg,https://t.co/PlkiHeOd4i
"""1437213014294515713""","""1437212850834100233""",https://pbs.twimg.com/media/E_IBeSCX0Akh-bO.jpg,https://t.co/eDbGXjsWvt
"""1436872831439155205""","""1436863712418222083""",https://pbs.twimg.com/media/E_DD7wFWUAMp7Q_.jpg,https://t.co/JEUSp6zrpe
"""1436366483253342208""","""1436364566691303434""",https://pbs.twimg.com/media/E-799pWX0Aoozbu.jpg,https://t.co/C120oXHE27
"""1436064440865206280""","""1435480281272705033""",https://pbs.twimg.com/media/E-vZtddWYAkuTts.jpg,https://t.co/bvqt9dQtFr
"""1435594897873121280""","""1435007272623673347""",https://pbs.twimg.com/media/E-orgu7WEAMr9gm.jpg,https://t.co/5yJkPViUZF
"""1431003602299064322""","""1431001348024279044""",https://pbs.twimg.com/media/E9vwJO4XoAQHbM-.jpg,https://t.co/OsAM9hDOSr
"""1430693476757295110""","""1430693473812979714""",https://pbs.twimg.com/media/E9rYImEXoAIPZW-.jpg,https://t.co/xkTsenMEKW
"""1429540996988215307""","""1429540613725335553""",https://pbs.twimg.com/media/E9a_nTkXsAEB2gt.jpg,https://t.co/uZGgarYt29
"""1423709500201132037""","""1423709482694193152""",https://pbs.twimg.com/media/E8IIOztXsAAEYRZ.jpg,https://t.co/6isII0Il2l
"""1423709500201132037""","""1423709490629709826""",https://pbs.twimg.com/media/E8IIPRRWEAIzfPP.jpg,https://t.co/6isII0Il2l
"""1423709500201132037""","""1423709498078908421""",https://pbs.twimg.com/media/E8IIPtBX0AUr_pl.jpg,https://t.co/6isII0Il2l
"""1416285219330613252""","""1411209695419797504""",https://pbs.twimg.com/media/E5WfvbcVkAAGBE1.png,https://t.co/Y26TxHyuvd
"""1416148317482983426""","""1416148314475663365""",https://pbs.twimg.com/media/E6crY5GXEAUYTUW.jpg,https://t.co/RMqWcHSHtu
"""1414104008629919745""","""1414102291020488705""",https://pbs.twimg.com/media/E5_mipxXoAENfvY.jpg,https://t.co/jFQWNTxt5m
"""1414075291736158215""","""1414063324870758404""",https://pbs.twimg.com/media/E5_DGhjUUAQR5g9.png,https://t.co/laOHbpdLP4
"""1412917277809430531""","""1412917275447992322""",https://pbs.twimg.com/media/E5uwxqwXIAIJ8Yi.jpg,https://t.co/uMFITHfMU1
"""1411762210897018887""","""1411066953465319424""",https://pbs.twimg.com/media/E5Ud6wOX0AAAxx9.jpg,https://t.co/Idel7S4ISH
"""1408559655220125701""","""1407193282724118532""",https://pbs.twimg.com/media/E4da1cMWQAQI-Jw.jpg,https://t.co/im7KPioeRJ
"""1405344431759314944""","""1405212602511233026""",https://pbs.twimg.com/media/E4BRaraVkAI1qI8.jpg,https://t.co/vT4ML41E2c
"""1404189588428627970""","""1402583183678398465""",https://pbs.twimg.com/media/E3b5-W8WYAE-glk.jpg,https://t.co/T6zhzes22X
"""1403044852905005059""","""1403044011187781632""",https://pbs.twimg.com/media/E3idGDMWQAAXdCk.jpg,https://t.co/qFjGjN4vQK
"""1403018293678690312""","""1403018291489222662""",https://pbs.twimg.com/media/E3iFs92XMAYZhB2.jpg,https://t.co/jtSqk7yQOt
"""1398247653671116800""","""1398232623420428288""",https://pbs.twimg.com/media/E2eFKbBWUAAhvCu.jpg,https://t.co/w4H1yG1SLE
"""1397298806648188928""","""1397298803896635392""",https://pbs.twimg.com/media/E2Qz2-NWUAA4POr.jpg,https://t.co/mpXSwnKg4B
"""1396835253919092742""","""1396832191859015682""",https://pbs.twimg.com/media/E2KLek6WQAIdqAf.jpg,https://t.co/GDFXWMMUYF
"""1396577970190536712""","""1396575498105466880""",https://pbs.twimg.com/media/E2GiBCKXMAAN_pU.jpg,https://t.co/zZBqBitolh
"""1396253224244596744""","""1396195975841079298""",https://pbs.twimg.com/media/E2BI17jWYAIPV7H.jpg,https://t.co/BW6qr7LL9V
"""1394828316692127746""","""1394828314972495872""",https://pbs.twimg.com/media/E1ts9lyXoAAnE5R.jpg,https://t.co/1TKiwQ102M
"""1394654321430630407""","""1394334421000597507""",https://pbs.twimg.com/media/E1mrxLXXMAMepPR.png,https://t.co/a5atySTmDO
"""1393947723322253316""","""1392134806130110467""",https://pbs.twimg.com/media/E1HbOvbXsAMeZui.jpg,https://t.co/AfHJkqDCRT
"""1393898409573195776""","""1390385760038178816""",https://pbs.twimg.com/media/E0uke2_WUAAFAyE.jpg,https://t.co/2aRuh84Dci
"""1391335622153998339""","""1391335620354641931""",https://pbs.twimg.com/media/E08EYAaWEAsTjn0.jpg,https://t.co/6EXJ9tTyZM
"""1391017536389591043""","""1391017291739971584""",https://pbs.twimg.com/media/E03i216WQAAoXnp.jpg,https://t.co/q7zjTddS8t
"""1390395247713296391""","""1390395245322457088""",https://pbs.twimg.com/media/E0utG-bWUAAvtjO.jpg,https://t.co/N9nbEZecHJ
"""1390295132348497920""","""1379764132862382083""",https://pbs.twimg.com/media/EyXoKyUWUAMp9aU.jpg,https://t.co/WpmZ9Srlf9
"""1383899148458467336""","""1383890586088865796""",https://pbs.twimg.com/media/EzSRJ-fVgAQt3CJ.jpg,https://t.co/Z9qRD5AEYJ
"""1382359039942742020""","""1382355847687200771""",https://pbs.twimg.com/media/Ey8dUcaUYAMEAMD.jpg,https://t.co/WRe3Ch9EVb
"""1382359039942742020""","""1382355847716630531""",https://pbs.twimg.com/media/Ey8dUchVcAMsTMQ.jpg,https://t.co/WRe3Ch9EVb
"""1382359039942742020""","""1382355847716605955""",https://pbs.twimg.com/media/Ey8dUchVEAM1HG6.jpg,https://t.co/WRe3Ch9EVb
"""1382359039942742020""","""1382355847716605952""",https://pbs.twimg.com/media/Ey8dUchVEAAa7SW.jpg,https://t.co/WRe3Ch9EVb
"""1382105208923242502""","""1361900092727386112""",https://pbs.twimg.com/media/EuZw6y6WYAAvz1O.jpg,https://t.co/vBwQbo4YsG
"""1380883688603389954""","""1380613712978001921""",https://pbs.twimg.com/media/Eyjs224WQAErXPI.jpg,https://t.co/Sv41pdKK14
"""1380828517156409344""","""1380822983355285508""",https://pbs.twimg.com/media/EymrL_yWQAQijyO.jpg,https://t.co/bP6Zr4Zo0x
"""1377319503177080841""","""1377318318168711170""",https://pbs.twimg.com/media/Ex03tokVoAIK4l2.jpg,https://t.co/DkrrPEd32z
"""1376966991521669122""","""1376966987864289283""",https://pbs.twimg.com/media/Exv4LhMXMAMTVwM.jpg,https://t.co/azYRdFi1ZH
"""1376485421060882438""","""1376211540471349249""",https://pbs.twimg.com/media/ExlJGsWWgAEftSg.png,https://t.co/nw3VXtj1Qy
"""1375492893696221184""","""1375488997854748674""",https://pbs.twimg.com/media/Exa39LWXIAIvsoB.jpg,https://t.co/qiymhZah8Y
"""1374186558333595648""","""1374182885213810688""",https://pbs.twimg.com/media/ExIUDamXMAALDxt.jpg,https://t.co/3SEiDigFwk
"""1373415990550274056""","""1331685442706522112""",https://pbs.twimg.com/media/EnsY2sUUwAAGQVm.jpg,https://t.co/oYIfUCHec2
"""1373020871992995846""","""1373012671507861508""",https://pbs.twimg.com/media/Ew3rwA1WEAQ3sVc.jpg,https://t.co/0l3peDQCwf
"""1372920185716363268""","""1230281127086084097""",https://pbs.twimg.com/media/ERLWKrHVUAE8quR.jpg,https://t.co/FYNECMtWJU
"""1371903034264018946""","""1371903031000887296""",https://pbs.twimg.com/media/Ewn6ib0W8AA5EWP.jpg,https://t.co/xARUTlaNiU
"""1371902978681110528""","""1371393648701575170""",https://pbs.twimg.com/media/EwgrQe4VkAI9vQi.jpg,https://t.co/6POuuLbJuz
"""1371902978681110528""","""1371393648697339906""",https://pbs.twimg.com/media/EwgrQe3U8AIQEw-.jpg,https://t.co/6POuuLbJuz
"""1371902978681110528""","""1371393648701546496""",https://pbs.twimg.com/media/EwgrQe4VIAAGjAc.jpg,https://t.co/6POuuLbJuz
"""1371902978681110528""","""1371393648726745088""",https://pbs.twimg.com/media/EwgrQe-VoAAfprz.jpg,https://t.co/6POuuLbJuz
"""1371104325313892358""","""1371102579397165061""",https://pbs.twimg.com/media/EwciiBOXAAUZiXE.jpg,https://t.co/zLloGcn1OF
"""1370048703478837249""","""1370048489640620038""",https://pbs.twimg.com/media/EwNj164W8AYrHAT.jpg,https://t.co/tUGV8dQVW5
"""1369353162176487430""","""1369166363474935809""",https://pbs.twimg.com/media/EwBBja1WQAEUdpg.jpg,https://t.co/6X0dTou0Mf
"""1368604629865480193""","""1368344048486912001""",https://pbs.twimg.com/media/Ev1VqYyVEAEpbXw.jpg,https://t.co/wB6efm4EMQ
"""1366589471131598851""","""1366585523519725568""",https://pbs.twimg.com/media/EvcWSwyVoAAQPnD.jpg,https://t.co/7lq9QgeHS5
"""1366537935840047104""","""1366451759183507456""",https://pbs.twimg.com/media/EvacopzXMAAskWU.jpg,https://t.co/3hXRGxkVIz
"""1365413360951578631""","""1365342166822883330""",https://pbs.twimg.com/media/EvKrd4JXEAInU1-.jpg,https://t.co/zzTiHOwCkb
"""1365413360951578631""","""1365342189455364101""",https://pbs.twimg.com/media/EvKrfMdXUAUuSmG.jpg,https://t.co/zzTiHOwCkb
"""1365413360951578631""","""1365342211852947458""",https://pbs.twimg.com/media/EvKrgf5XUAILw0k.jpg,https://t.co/zzTiHOwCkb
"""1365413360951578631""","""1365342235894685700""",https://pbs.twimg.com/media/EvKrh5dXIAQRI5E.jpg,https://t.co/zzTiHOwCkb
"""1364068830146932737""","""1363973221104586755""",https://pbs.twimg.com/media/Eu3Oav8VkAMZ5VG.jpg,https://t.co/VswdzrVWFg
"""1363188581834096646""","""1363180570671534082""",https://pbs.twimg.com/media/Eur9ga-XUAIvLlv.jpg,https://t.co/AaMVDiD0yZ
"""1362592832096243717""","""1362592829030223872""",https://pbs.twimg.com/media/Eujm9WvXUAA8xAQ.jpg,https://t.co/t880v6iIHa
"""1360977041756143616""","""1360974115323191300""",https://pbs.twimg.com/media/EuMmv0RXIAQ0mbF.jpg,https://t.co/hZWXeLLf85
"""1360387172612857857""","""1360386309966077952""",https://pbs.twimg.com/media/EuEQJCrVIAAp6jd.jpg,https://t.co/G1cSt2auU4
"""1359652620844040198""","""1359652460646703104""",https://pbs.twimg.com/media/Et50tY7VIAAWB9E.png,https://t.co/vBQDXDfCCO
"""1359636512917315587""","""1359624920775479297""",https://pbs.twimg.com/media/Et5bqW6XUAE6xeh.jpg,https://t.co/lLZ9bI2eyz
"""1359145502437240846""","""1359131224191696902""",https://pbs.twimg.com/media/Etyapb0WgAYPi9Q.jpg,https://t.co/5Fx2XP10a8
"""1358836053172498432""","""1358834242457845764""",https://pbs.twimg.com/media/EtuMi0pWQAQAvfF.jpg,https://t.co/JberUv9zG6
"""1358789863198363648""","""1358785191968448512""",https://pbs.twimg.com/media/Ettf7tVXIAALJhr.jpg,https://t.co/C8keLNRyDD
"""1355919232480010242""","""1355907537174933506""",https://pbs.twimg.com/media/EtEmuJ2WMAIztxY.jpg,https://t.co/sniUTrVNd2
"""1355211950880411648""","""1355210322114699264""",https://pbs.twimg.com/media/Es6sm5WW4AAQ2Xw.jpg,https://t.co/30RFyWPAHH
"""1353764248590180356""","""1353556671147159552""",https://pbs.twimg.com/media/EsjMnvcWMAA6fVa.jpg,https://t.co/LRmtcN0Zhd
"""1353172168666984448""","""1353164348542377984""",https://pbs.twimg.com/media/Esdnzj2XYAAzJXg.jpg,https://t.co/4PkLTREh6K
"""1353033940148363269""","""1353027129370320896""",https://pbs.twimg.com/media/EsbrAWmVoAAwz39.jpg,https://t.co/VX29TYMrPc
"""1352434630339801088""","""1352366156254908417""",https://pbs.twimg.com/media/EsSR2p3VkAE1NZX.png,https://t.co/wNWwxvDtpl
"""1351916618268499969""","""1351901258941161485""",https://pbs.twimg.com/media/EsLrCEaXYA0UGju.jpg,https://t.co/e1sEHpCwOS
"""1351913882529525762""","""1351904135281459200""",https://pbs.twimg.com/media/EsLtpfnVQAAxYSq.jpg,https://t.co/DmSv0YdeZ3
"""1351530169329188864""","""1351518508459372545""",https://pbs.twimg.com/media/EsGO7DwWMAEQEEo.jpg,https://t.co/SeSHHYUgkb
"""1350098370837311488""","""1348429930229596165""",https://pbs.twimg.com/media/EraV4JPXAAUViLc.jpg,https://t.co/rCJBVLU38C
"""1349747302408335362""","""1349747300076302337""",https://pbs.twimg.com/media/ErtEBKWXMAEgD1f.jpg,https://t.co/Cv00XLjJ33
"""1348313922714152968""","""1348313268734087176""",https://pbs.twimg.com/media/ErYrxjTXUAgXC5G.png,https://t.co/fGGD7vMMxq
"""1347888703138639873""","""1347864437772996609""",https://pbs.twimg.com/media/ErSTkJrXUAEW47p.jpg,https://t.co/EqazO2l5rj
"""1347120440125353985""","""1347109466517483521""",https://pbs.twimg.com/media/ErHk7ClXMAE24dh.jpg,https://t.co/45GMXLOMlc
"""1344800622122586113""","""1344749150206881814""",https://pbs.twimg.com/media/EqmCOjIW8BYUGVv.jpg,https://t.co/HKWQW9aIM2
"""1344081939255480320""","""1343541190008975363""",https://pbs.twimg.com/media/EqU3mAuXMAMuSlQ.jpg,https://t.co/TL3N4nIcJ2
"""1343560444158636038""","""1343560442208264192""",https://pbs.twimg.com/media/EqVJGowXIAAx09a.jpg,https://t.co/ziPsPPhUth
"""1339736014882004992""","""1339736012701003781""",https://pbs.twimg.com/media/EpeyzinXcAU4gnS.jpg,https://t.co/oYSvi0c7Ip
"""1339734189659353088""","""1339734188099039232""",https://pbs.twimg.com/media/EpexJVcW8AAounM.jpg,https://t.co/9dAQjpT984
"""1338151348018278400""","""1337402348465958914""",https://pbs.twimg.com/media/Eo9oWZ4WMAI9iY3.jpg,https://t.co/pJHPKeUSP2
"""1336533902354210819""","""1336533047492001792""",https://pbs.twimg.com/media/EoxRubZUwAAHwBD.jpg,https://t.co/5NSIrVAoET
"""1336014462541852677""","""1336014459932975106""",https://pbs.twimg.com/media/Eop6EqMXIAIC4oz.jpg,https://t.co/0YXrBRBDYi
"""1333271046875729921""","""1333271043507703810""",https://pbs.twimg.com/media/EoC68zmXUAI4OeH.jpg,https://t.co/MhtnHRLfWp
"""1333271046875729921""","""1333271045244153861""",https://pbs.twimg.com/media/EoC686EXcAUJ5mO.jpg,https://t.co/MhtnHRLfWp
"""1327718838863970305""","""1327531068384301060""",https://pbs.twimg.com/media/EmxWeR9XUAQHOYi.jpg,https://t.co/oPueHGBbbD
"""1324501324680089609""","""1324501322712993793""",https://pbs.twimg.com/media/EmGS73zX0AEDFYm.jpg,https://t.co/kmO7ByAlY0
"""1320176373911179264""","""1320074512159956996""",https://pbs.twimg.com/media/ElHYxlZXYAQ-HCz.jpg,https://t.co/arE9sXrSv6
"""1320118006337441797""","""1320117994408890368""",https://pbs.twimg.com/media/ElIAUlZX0AAKxXm.jpg,https://t.co/v2I37cFhzp
"""1318009720423284736""","""1318009717382389765""",https://pbs.twimg.com/media/EkqC2tcXIAU7NP2.jpg,https://t.co/z2ZChDSCoH
"""1317635526279761920""","""1317476822544748546""",https://pbs.twimg.com/media/EkieMJeXEAIg0sV.jpg,https://t.co/EagiQaMrbX
"""1317103946339618816""","""1317102594259636230""",https://pbs.twimg.com/media/EkdJ1MeXUAYjGcP.jpg,https://t.co/dc3PYfTBwG
"""1317103946339618816""","""1317102594293178368""",https://pbs.twimg.com/media/EkdJ1MmXIAALs7S.jpg,https://t.co/dc3PYfTBwG
"""1314797819971211270""","""1256289935616667659""",https://pbs.twimg.com/media/EW89ClNUcAsj9zH.jpg,https://t.co/RcasAKAnQB
"""1314640126518194181""","""1314624194299285504""",https://pbs.twimg.com/media/Ej57vVJX0AAlc3G.jpg,https://t.co/u2yETMQPto
"""1314342961732366336""","""1314330087404171264""",https://pbs.twimg.com/media/Ej1wQDlVcAAqAzp.png,https://t.co/9twPJyfc14
"""1312176403165585409""","""1312157922504314880""",https://pbs.twimg.com/media/EjW4rawVkAAPunN.jpg,https://t.co/s8KE556csw
"""1312031583709417473""","""1311980516615221248""",https://pbs.twimg.com/media/EjUXVCUVcAA-iMa.jpg,https://t.co/KhwCH89heF
"""1309996708982665220""","""1309994008999989253""",https://pbs.twimg.com/media/Ei4InExVkAUtrjB.jpg,https://t.co/xDTwDHwutt
"""1309720109339074562""","""1309719382453559301""",https://pbs.twimg.com/media/Ei0O1tKWoAU0btC.jpg,https://t.co/5mqZThvkxf
"""1309363019701420032""","""1309194875422887938""",https://pbs.twimg.com/media/EisxzYNX0AIqOQy.png,https://t.co/f503MlAs9T
"""1309363019701420032""","""1309195010764660736""",https://pbs.twimg.com/media/Eisx7QZXYAAxm0p.jpg,https://t.co/f503MlAs9T
"""1309218073677791237""","""1309144256364380160""",https://pbs.twimg.com/media/EisDw9hXgAAVLb3.jpg,https://t.co/aYJz9z7psj
"""1308526682089938944""","""1308380850367717377""",https://pbs.twimg.com/media/EihNc4kXYAEBn1n.jpg,https://t.co/uc5gPiQXrw
"""1308438336223219713""","""1308391289940054017""",https://pbs.twimg.com/media/EihW8jAXkAEmw1S.jpg,https://t.co/cUnjcDF2ny
"""1308380755194769415""","""1308378536156311553""",https://pbs.twimg.com/media/EihLWLdXsAEvCeR.jpg,https://t.co/qXP8q7plPd
"""1308380755194769415""","""1308378536168882187""",https://pbs.twimg.com/media/EihLWLgXgAsegzk.jpg,https://t.co/qXP8q7plPd
"""1307042775913897988""","""1306977168531087361""",https://pbs.twimg.com/media/EiNQz2PXYAEO842.jpg,https://t.co/H3g2A1MSRp
"""1307014111344103424""","""1306700883606921216""",https://pbs.twimg.com/media/EiJVh8sUYAANOxr.jpg,https://t.co/S4NgBnbWXa
"""1307014111344103424""","""1306700883615387649""",https://pbs.twimg.com/media/EiJVh8uVkAErz-b.jpg,https://t.co/S4NgBnbWXa
"""1306921487874564097""","""1306918766564048896""",https://pbs.twimg.com/media/EiMbsZ9XgAAvSca.jpg,https://t.co/Wr3rgyII95
"""1306707916888694784""","""1306435172083015680""",https://pbs.twimg.com/media/EiFj3gIVoAA0N2Q.jpg,https://t.co/GBuxLpn0mA
"""1306615615403286529""","""1306315323834990592""",https://pbs.twimg.com/media/EiD23anVgAAy6x7.jpg,https://t.co/Sz7DNluarv
"""1306614815104929793""","""1306607703087865857""",https://pbs.twimg.com/media/EiIAyINXYAER-_P.jpg,https://t.co/d75PZFazN3
"""1305983440177827841""","""1305977315575332868""",https://pbs.twimg.com/media/Eh_DcvuWAAQirQe.jpg,https://t.co/1Uhz0DgCD2
"""1305921055312273415""","""1305707608368656384""",https://pbs.twimg.com/media/Eh7OJuFWsAAlrKw.jpg,https://t.co/RZNPUyXJZX
"""1305894558052556801""","""1305894555959668737""",https://pbs.twimg.com/media/Eh94LgIXsAEqI3X.jpg,https://t.co/zAA6WhlsFM
"""1305568219684577281""","""1305464854510071808""",https://pbs.twimg.com/media/Eh3xXlfUcAA5m9n.jpg,https://t.co/SH4tqu0MsE
"""1305568219684577281""","""1305464857404215296""",https://pbs.twimg.com/media/Eh3xXwRVkAABIys.jpg,https://t.co/SH4tqu0MsE
"""1305546177782394880""","""1305545833203417088""",https://pbs.twimg.com/media/Eh47BKoUwAAhFni.png,https://t.co/e1a04jxibs
"""1305494521585819648""","""1305139743894765568""",https://pbs.twimg.com/media/EhzJrqEXgAA15IB.jpg,https://t.co/rBfUb5bwfM
"""1305311739521765378""","""1305310333574303746""",https://pbs.twimg.com/media/Eh1k1SJX0AItwka.jpg,https://t.co/04bSyzmxdW
"""1305266875572482049""","""1305261230177673216""",https://pbs.twimg.com/media/Eh04LFvUYAAVYMq.jpg,https://t.co/fPN8TQvuJ6
"""1305206589129994240""","""1305090409081831425""",https://pbs.twimg.com/media/Ehycz_kXgAEpF56.jpg,https://t.co/v1XFwc4B0P
"""1304569578119483392""","""1304366016085061634""",https://pbs.twimg.com/media/EhoJ-xXXcAIFXtq.jpg,https://t.co/7v7LwEVzx0
"""1304080266860924928""","""1302831963175292928""",https://pbs.twimg.com/media/EhSWxI8WkAA9ol9.jpg,https://t.co/5dkzhDnuAp
"""1303512046000959489""","""1303509689494192129""",https://pbs.twimg.com/media/Ehb_KAOUwAEmNC3.jpg,https://t.co/sBEtlWP9ok
"""1302426639385743360""","""1302397144771428352""",https://pbs.twimg.com/media/EhMLTYKVgAAaoqx.jpg,https://t.co/JmiceYbdY8
"""1301965393637113861""","""1301913032310824961""",https://pbs.twimg.com/media/EhFTAUtWoAEia5d.jpg,https://t.co/xifCjl6Crp
"""1301154785773617153""","""1300277200902651904""",https://pbs.twimg.com/media/EguDOZ1XgAAjvZZ.jpg,https://t.co/Io9deI5qTr
"""1300780258375892993""","""1300776975125098497""",https://pbs.twimg.com/media/Eg1JxF5WsAER06R.jpg,https://t.co/lV86qtFzHZ
"""1300224967099977729""","""1300176802401275904""",https://pbs.twimg.com/media/Egsn6cRU0AA33lr.jpg,https://t.co/KfFo9jCRoZ
"""1300116850244759552""","""1300116847463890945""",https://pbs.twimg.com/media/EgrxYmuWAAEgd4z.jpg,https://t.co/LBi7uzm42X
"""1298969026299920385""","""1298964743114223616""",https://pbs.twimg.com/media/EgbZjTkUcAAgwGv.jpg,https://t.co/vesAOEKWLw
"""1298749862364827650""","""1298739014909014017""",https://pbs.twimg.com/media/EgYMQMeXsAEfCVg.jpg,https://t.co/5vz5FUMrhj
"""1298676431480860672""","""1298668760614817797""",https://pbs.twimg.com/media/EgXMW21X0AU9JYY.jpg,https://t.co/uz9PJqXOzn
"""1298652689446862854""","""1298609205579046913""",https://pbs.twimg.com/media/EgWWMTCXYAE9tXv.jpg,https://t.co/gkXnd18lgs
"""1298269739785916416""","""1297264998817968128""",https://pbs.twimg.com/media/EgDPpKoXsAAYKlN.jpg,https://t.co/MQ4UpPNWgc
"""1298214639151599616""","""1287859054157602817""",https://pbs.twimg.com/media/Ed9k_IPVoAEf3ER.jpg,https://t.co/NPdfZPXEoG
"""1298101520525910017""","""1298092771266498562""",https://pbs.twimg.com/media/EgPAf3TXkAIiRQF.jpg,https://t.co/ax3yTztqiL
"""1298072725454491649""","""1298058770891726848""",https://pbs.twimg.com/media/EgOhkyCU4AAx5B4.jpg,https://t.co/JiYHSBnC90
"""1297887703447613440""","""1297698419251847172""",https://pbs.twimg.com/media/EgJZ1jkXoAQO6aF.jpg,https://t.co/3SqER7apqX
"""1297544684441608192""","""1287858080366043136""",https://pbs.twimg.com/media/Ed9kGclVoAAJR5B.jpg,https://t.co/FgjIa0qqwX
"""1297544684441608192""","""1287858080445632512""",https://pbs.twimg.com/media/Ed9kGc4UEAAeZDC.jpg,https://t.co/FgjIa0qqwX
"""1296940484594675712""","""1296926309151432705""",https://pbs.twimg.com/media/Ef-bm1TUYAEdjyZ.jpg,https://t.co/vyTzR4FyDq
"""1296823617179848704""","""1296466868111380484""",https://pbs.twimg.com/media/Ef35v2DXkAQ6dsu.jpg,https://t.co/KJ3OXVH3s5
"""1296823617179848704""","""1296466868098695174""",https://pbs.twimg.com/media/Ef35v2AWAAY2uuw.jpg,https://t.co/KJ3OXVH3s5
"""1296823617179848704""","""1296466868123901954""",https://pbs.twimg.com/media/Ef35v2GWoAIpIIN.jpg,https://t.co/KJ3OXVH3s5
"""1296823020414279681""","""1296816342675402752""",https://pbs.twimg.com/media/Ef83l8QWsAA-S-6.jpg,https://t.co/HWIAKjvQbm
"""1296823020414279681""","""1296816342658670593""",https://pbs.twimg.com/media/Ef83l8MXYAEthUy.jpg,https://t.co/HWIAKjvQbm
"""1296644318447493121""","""1296632446868389898""",https://pbs.twimg.com/media/Ef6QVy_WAAojnEQ.jpg,https://t.co/rtprbsyiSy
"""1296644318447493121""","""1296632446872694784""",https://pbs.twimg.com/media/Ef6QVzAXsAAKSrR.png,https://t.co/rtprbsyiSy
"""1296126192442056707""","""1296104520360112134""",https://pbs.twimg.com/media/EfywMbfXsAYuUSM.png,https://t.co/JGuMSi3Cii
"""1295882679926378496""","""1295870176366403586""",https://pbs.twimg.com/media/EfvbD0FXoAId4w7.jpg,https://t.co/9qAkCl54T5
"""1295750174539751424""","""1295744893667741699""",https://pbs.twimg.com/media/EftpHZqXkAMLVK5.jpg,https://t.co/lNNOBSBM3k
"""1291533082865086465""","""1249524810616578051""",https://pbs.twimg.com/media/EVc0MerWoAMmAKG.jpg,https://t.co/IKmjwU8Hyg
"""1288171905661501442""","""1287968602637901828""",https://pbs.twimg.com/media/Ed_InsIWoAQFi8A.jpg,https://t.co/inZUJ5uxS0
"""1285962086288326658""","""1285925065561796609""",https://pbs.twimg.com/media/EdiGCLSU8AEqtda.jpg,https://t.co/RSDIUyC7a4
"""1251162235638087680""","""1251038716480704512""",https://pbs.twimg.com/media/EVyVFZgX0AA5Nsa.jpg,https://t.co/XU6RgDvcUX
"""1251157057115287555""","""1250972035225980928""",https://pbs.twimg.com/media/EVxYcCeXkAAWnvD.jpg,https://t.co/yXDdDpII4F
"""1251156359682199554""","""1251120572454645760""",https://pbs.twimg.com/media/EVzfiCxXsAAUmHe.jpg,https://t.co/4r6uzxhi9i
"""1239867753810583553""","""1239842843327266816""",https://pbs.twimg.com/media/ETTOfz3VAAAZp-F.jpg,https://t.co/TS75OnCyxS
"""1239738697429508097""","""1239645344000065542""",https://pbs.twimg.com/media/ETQa31iXQAYyngp.jpg,https://t.co/cNBpuB5e4B
"""1239738697429508097""","""1239645347296788491""",https://pbs.twimg.com/media/ETQa4B0XQAssQG_.jpg,https://t.co/cNBpuB5e4B
"""1239738697429508097""","""1239645348185935873""",https://pbs.twimg.com/media/ETQa4FIWkAEY4Rl.jpg,https://t.co/cNBpuB5e4B
"""1239738697429508097""","""1239645349012213763""",https://pbs.twimg.com/media/ETQa4INWkAMKGzi.jpg,https://t.co/cNBpuB5e4B
"""1239674235804684289""","""1239547615664132096""",https://pbs.twimg.com/media/ETPB_THX0AAWsL-.jpg,https://t.co/kRiMI0tiWb
"""1239216797615886337""","""1239175574440095745""",https://pbs.twimg.com/media/ETJvnpjXsAEW3jp.jpg,https://t.co/nDHfhFOEgm
"""1239214404027273216""","""1239201088235909120""",https://pbs.twimg.com/media/ETKG0v2UMAAVgED.jpg,https://t.co/0ovrTAHMM2
"""1239212771419598850""","""1239110365931278336""",https://pbs.twimg.com/media/ETI0UA7WkAA0Abt.jpg,https://t.co/wnRYx9nTnN
"""1238850707157024771""","""1238820255285248001""",https://pbs.twimg.com/media/ETEsdWjWAAETu_P.jpg,https://t.co/5UxOmqhcpI
"""1238146838336856068""","""973085684490584064""",https://pbs.twimg.com/media/DYEYRkAUQAAigjs.jpg,https://t.co/aPqGB9neU0
"""1236472009233661952""","""1236426288019243010""",https://pbs.twimg.com/media/ESirKHhXgAImFcj.png,https://t.co/I5tUXSveH3
"""1236430954064941059""","""1236428578365063169""",https://pbs.twimg.com/media/ESitPbuXQAEDrQv.jpg,https://t.co/UYThvwXYQ2
"""1236370944232493058""","""1236280181708304385""",https://pbs.twimg.com/media/ESgmRnGUMAEIbEF.jpg,https://t.co/nBq6kELGke
"""1235926602015522816""","""1235525512677769216""",https://pbs.twimg.com/media/ESV36F4XQAAQ-UR.png,https://t.co/jolLOdNZgt
"""1235926602015522816""","""1235525512765878272""",https://pbs.twimg.com/media/ESV36GNXsAAy8FM.png,https://t.co/jolLOdNZgt
"""1235833761524092935""","""1235742736004853760""",https://pbs.twimg.com/media/ESY9eJ1WsAA7NqS.jpg,https://t.co/0xUMhMDeti
"""1234837810672173057""","""1234830456891281414""",https://pbs.twimg.com/media/ESL_whTWkAYsx7K.jpg,https://t.co/4DyYmA9vMC
"""1234241981490089989""","""1234233755394617345""",https://pbs.twimg.com/media/ESDhD7AXsAEOqmI.jpg,https://t.co/TYubZJ1UFz
"""1234137679861649408""","""1234137651462254594""",https://pbs.twimg.com/media/ESCJp79XsAIPoYZ.jpg,https://t.co/ZjcDPhmnJ3
"""1234122280495714305""","""1233775046356852739""",https://pbs.twimg.com/media/ER8_3irXYAM62s1.jpg,https://t.co/Fumm3THhGO
"""1233392200123285506""","""1233365722274791426""",https://pbs.twimg.com/media/ER3LlvpVAAIIHGT.jpg,https://t.co/2ouAxzm37v
"""1230991347848536064""","""1230451427635552258""",https://pbs.twimg.com/media/ERNxDeGW4AIrsAp.png,https://t.co/fcEwxV9tLu
"""1230991347848536064""","""1230451440096858112""",https://pbs.twimg.com/media/ERNxEMhXUAANsmD.png,https://t.co/fcEwxV9tLu
"""1230911802306809856""","""1230792606164058112""",https://pbs.twimg.com/media/ERSnWrKWAAAbaSx.jpg,https://t.co/8GWGnjY8JK
"""1230911802306809856""","""1230792608525496320""",https://pbs.twimg.com/media/ERSnWz9WsAAUGpA.jpg,https://t.co/8GWGnjY8JK
"""1230911802306809856""","""1230792611260182533""",https://pbs.twimg.com/media/ERSnW-JWsAUy__H.jpg,https://t.co/8GWGnjY8JK
"""1230911802306809856""","""1230792614032629761""",https://pbs.twimg.com/media/ERSnXIeW4AE1i5o.jpg,https://t.co/8GWGnjY8JK
"""1229207404870619136""","""1229189298030882817""",https://pbs.twimg.com/media/EQ71J27XsAEzTbk.jpg,https://t.co/gfEBmZbkkD
"""1229206615712260096""","""1229193766306795520""",https://pbs.twimg.com/media/EQ75N8jXUAAN4-a.jpg,https://t.co/EFuC0p6eer
"""1228700536549126145""","""1228691109188132864""",https://pbs.twimg.com/media/EQ0wDc3W4AA4QDH.jpg,https://t.co/6N1W84n32V
"""1227283163682082816""","""1217342109541380097""",https://pbs.twimg.com/media/EOTeMulWsAEN5nx.jpg,https://t.co/QIMT2rwBYZ
"""1227283163682082816""","""1217342109545529345""",https://pbs.twimg.com/media/EOTeMumWAAEHUv6.jpg,https://t.co/QIMT2rwBYZ
"""1226558584915464193""","""1226242223123189762""",https://pbs.twimg.com/media/EQR8zhXX0AIHvw6.jpg,https://t.co/k82zQMN0AW
"""1226551174175887361""","""1226291265878339585""",https://pbs.twimg.com/media/EQSpaL3XsAEnMcl.jpg,https://t.co/08ADWxH0nk
"""1226550942109229057""","""1226247928357912577""",https://pbs.twimg.com/media/EQSB_nBVAAEJSPH.jpg,https://t.co/e7GnRy7zak
"""1225556631477530624""","""1225554311465361413""",https://pbs.twimg.com/media/EQILJyvXYAUjrdV.png,https://t.co/Y3Hk3ln4xk
"""1225536332342210560""","""1224341600609996800""",https://pbs.twimg.com/media/EP28MuwXkAAdXMj.jpg,https://t.co/5JxXDE3BqD
"""1225358552199565312""","""1224765571201261568""",https://pbs.twimg.com/media/EP89zESUYAAbitP.jpg,https://t.co/FWH6v5VBNW
"""1224064170787770368""","""1224056760115388418""",https://pbs.twimg.com/media/EPy5I1OX4AIbuiC.jpg,https://t.co/tXfCmEtI8O
"""1223703660242391040""","""1223542340083564549""",https://pbs.twimg.com/media/EPrlRpRUwAUB5n-.jpg,https://t.co/497F3CMguH
"""1223681696744247296""","""1223559699515105281""",https://pbs.twimg.com/media/EPr1EGMU4AEXsOS.jpg,https://t.co/rTpsCawTJx
"""1221607513356951553""","""1221522775887708160""",https://pbs.twimg.com/media/EPO4fiXWAAAdChA.jpg,https://t.co/yyNnjaJlqH
"""1219086596580036608""","""1219079132123787264""",https://pbs.twimg.com/media/EOsKAv9UcAAYZqg.jpg,https://t.co/UxYwG6VL50
"""1219086596580036608""","""1219079134460035072""",https://pbs.twimg.com/media/EOsKA4qUwAAdsWq.jpg,https://t.co/UxYwG6VL50
"""1219085240716726273""","""1219083554547625984""",https://pbs.twimg.com/media/EOsOCKxU8AAq_OL.jpg,https://t.co/wRBvHKvQfP
"""1219019736488513538""","""1219008214810996738""",https://pbs.twimg.com/media/EOrJg0YXsAIH2QW.jpg,https://t.co/IuXMs4DN8O
"""1218915716952416256""","""1218908016868843520""",https://pbs.twimg.com/media/EOpuYh9X4AAssqw.jpg,https://t.co/8qcnZjB8HC
"""1217350484081741825""","""1217340672958783489""",https://pbs.twimg.com/media/EOTc5G5X4AEgFng.jpg,https://t.co/X0kr3qFOyA
"""1217350022154592261""","""1217173043874844673""",https://pbs.twimg.com/media/EOREbz5XUAExENe.jpg,https://t.co/mBLaTy8cS1
"""1217221422621372417""","""1216832090915921920""",https://pbs.twimg.com/media/EOMOVvJW4AApIem.jpg,https://t.co/0QXftalDjG
"""1217221341301993472""","""1216772989796212737""",https://pbs.twimg.com/media/EOLYlmUX4AEpbo1.jpg,https://t.co/EmTfCv7aYS
"""1216056667936382978""","""1216018151940423680""",https://pbs.twimg.com/media/EOAqEQLWAAAkCbr.jpg,https://t.co/GbDI6YqsOo
"""1215777403529760769""","""1215745965740711936""",https://pbs.twimg.com/media/EN8yg7kW4AAR1BC.png,https://t.co/QhlVFP2jmG
"""1215721227807010816""","""1215705905158934528""",https://pbs.twimg.com/media/EN8OFGRX0AAldxf.jpg,https://t.co/K4P955EWgK
"""1215721227807010816""","""1215705905154666496""",https://pbs.twimg.com/media/EN8OFGQWsAAW_GY.jpg,https://t.co/K4P955EWgK
"""1215324065176719361""","""1215284130340134912""",https://pbs.twimg.com/media/EN2OekoX4AAH80t.jpg,https://t.co/WEFHx68zTi
"""1214694699346386944""","""1214693246020009984""",https://pbs.twimg.com/media/ENt1ElAWwAA9tnT.jpg,https://t.co/9BW6SOjw2P
"""1213985688942723073""","""1213985681116057600""",https://pbs.twimg.com/media/ENjxi4VVUAAZITb.jpg,https://t.co/WmcSms8ipY
"""1213565759852630021""","""1213164658934333441""",https://pbs.twimg.com/media/ENYG1GXWwAEijaz.jpg,https://t.co/jAVsEXDfca
"""1213562689907236866""","""1213474235139706881""",https://pbs.twimg.com/media/ENcgYzmXUAEBTXL.png,https://t.co/c16Yl1yioF
"""1213249477290713090""","""1212110830189330434""",https://pbs.twimg.com/media/ENJIYMXWwAIk2Vq.jpg,https://t.co/tnI43T4XPK
"""1212460237338402824""","""1064262519483580416""",https://pbs.twimg.com/media/DsUFH22UwAAn4EM.jpg,https://t.co/g1eDfwDLSc
"""1212460189041004544""","""1212456013099655169""",https://pbs.twimg.com/media/ENOCUe6XYAEtGu3.jpg,https://t.co/OFKhfGRbNn
"""1212208748237852672""","""1212147809421582336""",https://pbs.twimg.com/media/ENJqAqvXYAA9c38.jpg,https://t.co/aDYFgLbeJB
"""1212105474323210240""","""1212086138602708994""",https://pbs.twimg.com/media/ENIx69CW4AIt-oM.jpg,https://t.co/USg2gHrsg6
"""1210983551644192769""","""1210969216972677124""",https://pbs.twimg.com/media/EM46FjuW4AQY07M.jpg,https://t.co/bir5lZNvik
"""1210238720667987969""","""1210205613948575745""",https://pbs.twimg.com/media/EMuDmAyWoAEKYqP.jpg,https://t.co/kUeZAZDQiK
"""1209563257792536576""","""1209473267980894208""",https://pbs.twimg.com/media/EMjph3dVAAAc4O-.jpg,https://t.co/e2jKXROFph
"""1208566991428214785""","""1208524345913438209""",https://pbs.twimg.com/media/EMWKfVSU8AEHsKB.jpg,https://t.co/qr3nWoVYUw
"""1208060034510458881""","""1197834318388875264""",https://pbs.twimg.com/media/EJ-P91dXUAAXZT2.jpg,https://t.co/8T0vfME7eG
"""1208059562571554816""","""1208059557857103872""",https://pbs.twimg.com/media/EMPjxG2WkAADChS.jpg,https://t.co/7KbbiQE1gh
"""1205979362383814657""","""1205966824996818944""",https://pbs.twimg.com/media/ELx0cBbXUAAO_tA.jpg,https://t.co/Lan0PKAp3T
"""1205979362383814657""","""1205966828633231360""",https://pbs.twimg.com/media/ELx0cO-WkAAhdWi.jpg,https://t.co/Lan0PKAp3T
"""1205979362383814657""","""1205966837713973255""",https://pbs.twimg.com/media/ELx0cwzXsAcsNye.jpg,https://t.co/Lan0PKAp3T
"""1205979362383814657""","""1205966844777107456""",https://pbs.twimg.com/media/ELx0dLHWkAA6-g1.jpg,https://t.co/Lan0PKAp3T
"""1205977509872971782""","""1205970737485537280""",https://pbs.twimg.com/media/ELx3_wlXYAAv8_w.jpg,https://t.co/8LvklA8QGw
"""1205698404065697793""","""1205688833783693312""",https://pbs.twimg.com/media/ELt3mzdVAAAIF5e.jpg,https://t.co/sUtQ3JKyQa
"""1204558255420268551""","""1204551407577260032""",https://pbs.twimg.com/media/ELdtH4pW4AA4DsC.png,https://t.co/i5ynH2Rk3y
"""1203704493810028546""","""1203520546945818624""",https://pbs.twimg.com/media/ELPDj5iW4AAtzz_.png,https://t.co/E6VMQMqyro
"""1203519333709811712""","""1203510982141722626""",https://pbs.twimg.com/media/ELO63J3WwAITLBG.jpg,https://t.co/jBRsJpe8Eq
"""1203464288553390084""","""1202731654269280257""",https://pbs.twimg.com/media/ELD2ETTWoAEgnqE.jpg,https://t.co/7BU1cZrnAB
"""1203464288553390084""","""1202731654277664768""",https://pbs.twimg.com/media/ELD2ETVWkAA5PMN.jpg,https://t.co/7BU1cZrnAB
"""1203464288553390084""","""1202731654827192321""",https://pbs.twimg.com/media/ELD2EVYXsAElkSY.jpg,https://t.co/7BU1cZrnAB
"""1203464288553390084""","""1202731656941113345""",https://pbs.twimg.com/media/ELD2EdQXkAE44SY.jpg,https://t.co/7BU1cZrnAB
"""1203433926284455937""","""1203409427031887875""",https://pbs.twimg.com/media/ELNef3mXkAMlUoj.jpg,https://t.co/Vl3xevETOf
"""1203433926284455937""","""1203409438603927552""",https://pbs.twimg.com/media/ELNegitW4AA0j4E.jpg,https://t.co/Vl3xevETOf
"""1202380890015502336""","""1163239556881141760""",https://pbs.twimg.com/media/ECSoNsCVUAAdPph.jpg,https://t.co/3bshQARNY3
"""1202303318271377411""","""1202099525135011840""",https://pbs.twimg.com/media/EK63JixWkAAoqIR.jpg,https://t.co/V8bxoZnwol
"""1201595484852432897""","""1201591888131833866""",https://pbs.twimg.com/media/EKzpdLkWwAoA7wo.jpg,https://t.co/eL82G0v93X
"""1200961413176537089""","""1200960209490866176""",https://pbs.twimg.com/media/EKqq8pQU8AAWvbb.jpg,https://t.co/XeLaEtWSkv
"""1200496856310145026""","""1200487662697828353""",https://pbs.twimg.com/media/EKj9KzRX0AEbCPu.jpg,https://t.co/Gd9Epsgi2s
"""1200144112504246272""","""1200140476659179520""",https://pbs.twimg.com/media/EKfBZ6fWoAAnwYT.jpg,https://t.co/fNODI4q8B7
"""1200144112504246272""","""1200140476667584513""",https://pbs.twimg.com/media/EKfBZ6hW4AErOMl.jpg,https://t.co/fNODI4q8B7
"""1200144112504246272""","""1200140477837840384""",https://pbs.twimg.com/media/EKfBZ-4XkAApt2z.jpg,https://t.co/fNODI4q8B7
"""1200144112504246272""","""1200140481092608000""",https://pbs.twimg.com/media/EKfBaLAXYAAlpLx.jpg,https://t.co/fNODI4q8B7
"""1199421392183287808""","""1198457556575764486""",https://pbs.twimg.com/media/EKHGzEoUwAYmChj.jpg,https://t.co/NYW9cTiaei
"""1199044988291702784""","""1199044983459864576""",https://pbs.twimg.com/media/EKPdD0TW4AA8TYM.jpg,https://t.co/s1kEvCAZHu
"""1199043903665647617""","""1199043897932075008""",https://pbs.twimg.com/media/EKPcEoZXUAAlRCX.jpg,https://t.co/ZoG44hzjSE
"""1198694366199635974""","""1198654535742509056""",https://pbs.twimg.com/media/EKJ58xNX0AAuRH9.jpg,https://t.co/B1iwIbfEZ3
"""1198385081242595328""","""1198375157246640129""",https://pbs.twimg.com/media/EKF72zNWwAEwgSa.jpg,https://t.co/TIecUwKJim
"""1198296260765241344""","""1198291627770560512""",https://pbs.twimg.com/media/EKEv4vqWwAADKx3.jpg,https://t.co/Bl6Q5qV5t8
"""1197978109053734912""","""1197974990252953600""",https://pbs.twimg.com/media/EKAP6A_UUAAO3vu.jpg,https://t.co/hdt2QnYHGX
"""1197312578906664966""","""1197025222521741312""",https://pbs.twimg.com/media/EJywGQeXYAAgqcj.jpg,https://t.co/zzmPqhcZF8
"""1196900792638328833""","""1196864706071465984""",https://pbs.twimg.com/media/EJweG-GXkAA_K-5.jpg,https://t.co/egme3waPvp
"""1196505558712492032""","""1195380113581465607""",https://pbs.twimg.com/media/EJbX4UGW4AcPhfr.jpg,https://t.co/5CESCL8M7y
"""1195196966780784642""","""1195005511453888515""",https://pbs.twimg.com/media/EJWDLmbX0AMuI1l.jpg,https://t.co/2FxSwLBKT4
"""1194363795466072065""","""1194363789854101506""",https://pbs.twimg.com/media/EJM7ifLX0AIzv4u.jpg,https://t.co/9suaQyiSbF
"""1192132788146839553""","""1192132730764627968""",https://pbs.twimg.com/media/EItOZwZXkAAAq2u.jpg,https://t.co/MhGU8ozL7C
"""1192132620936794115""","""1192132270062264320""",https://pbs.twimg.com/media/EItN-8JXYAAvpdO.jpg,https://t.co/3TJeLToNqC
"""1192129332749230080""","""1192129282837032961""",https://pbs.twimg.com/media/EItLRD3XsAEGKLM.jpg,https://t.co/S2JMMRIWcF
"""1191792413796376576""","""1191672883061219328""",https://pbs.twimg.com/media/EImsLGNUYAAUU6Y.jpg,https://t.co/0qZZ3lGsIT
"""1191792413796376576""","""1191672883115782144""",https://pbs.twimg.com/media/EImsLGaU8AAN4cw.jpg,https://t.co/0qZZ3lGsIT
"""1191039149484204035""","""1191018835282989057""",https://pbs.twimg.com/media/EIdZUgXXkAEfhLf.jpg,https://t.co/8vwtMvzpJL
"""1190826247317807104""","""1190818815527071745""",https://pbs.twimg.com/media/EIajZ0tXsAETRWP.jpg,https://t.co/PHfSMJOl2S
"""1190051506600460289""","""1190051495972102146""",https://pbs.twimg.com/media/EIPph8nW4AIl-dM.jpg,https://t.co/JkbENBW9lH
"""1189949501630488578""","""1189949498363195392""",https://pbs.twimg.com/media/EIOMw56XsAAEnqq.jpg,https://t.co/pbSej2JUfL
"""1189778571390279680""","""1189769522657529857""",https://pbs.twimg.com/media/EILpE8KWkAEWJSH.jpg,https://t.co/AZVZErf52O
"""1189224149018955776""","""1189151068715810817""",https://pbs.twimg.com/media/EIC2mLsVAAEvATj.jpg,https://t.co/NOztR5RCrd
"""1189189871195189252""","""1189180130620407810""",https://pbs.twimg.com/media/EIDRBzuVAAI3PnL.jpg,https://t.co/C3N0cmRekZ
"""1188947439111299074""","""1172530470673891329""",https://pbs.twimg.com/media/EEWqQDDWwAE9BQJ.jpg,https://t.co/mHuzw9FtGS
"""1188947439111299074""","""1172530470707445760""",https://pbs.twimg.com/media/EEWqQDLWwAAj4nb.jpg,https://t.co/mHuzw9FtGS
"""1188947439111299074""","""1172530470707433477""",https://pbs.twimg.com/media/EEWqQDLWkAUqs8M.jpg,https://t.co/mHuzw9FtGS
"""1187529396040687616""","""1187529253245448192""",https://pbs.twimg.com/media/EHrzkGQUcAAMQNj.jpg,https://t.co/Sdj8iU7bm1
"""1187496074602258433""","""1187493315488276480""",https://pbs.twimg.com/media/EHrS4PrUYAAlP8p.jpg,https://t.co/yukBKydIuH
"""1187321592256389120""","""1187314703510450178""",https://pbs.twimg.com/media/EHowbqNWsAImGMd.jpg,https://t.co/W4JzTkddPX
"""1185005974777729025""","""1185002053296369666""",https://pbs.twimg.com/media/EHH5FszWsAIC04O.jpg,https://t.co/waqAHTKvt7
"""1184977869237374979""","""1184977429854609409""",https://pbs.twimg.com/media/EHHisbVW4AEwIeq.jpg,https://t.co/aHZMzz54Hd
"""1184977869237374979""","""1184977429858787331""",https://pbs.twimg.com/media/EHHisbWWoAMUyMD.jpg,https://t.co/aHZMzz54Hd
"""1184948487248646145""","""1184936609243947008""",https://pbs.twimg.com/media/EHG9kWtXYAA0tXM.jpg,https://t.co/nQ1sYYbKcV
"""1184926015543562255""","""1159817808974364672""",https://pbs.twimg.com/media/EBiAJvwWwAAwmKD.jpg,https://t.co/bLMrYYVrRr
"""1183029623413760001""","""1183021904267022336""",https://pbs.twimg.com/media/EGrwJ21XkAA3s43.jpg,https://t.co/O2r7jUOL5a
"""1182395204927721493""","""1182395201341591553""",https://pbs.twimg.com/media/EGi2K8gXkAE25wB.jpg,https://t.co/uv2joSpxeX
"""1179871387957239810""","""1179866216946495488""",https://pbs.twimg.com/media/EF-6EreUcAAZ0ez.jpg,https://t.co/weJNgkIcB6
"""1179444664325361667""","""1179436601514057728""",https://pbs.twimg.com/media/EF4zVxRW4AANQ0O.jpg,https://t.co/9bAycdHVVN
"""1178815161760714752""","""1178806332528324608""",https://pbs.twimg.com/media/EFv2HSVU8AA03wL.jpg,https://t.co/AS7lKSAwS7
"""1178815161760714752""","""1178806347103518720""",https://pbs.twimg.com/media/EFv2IIoUwAAVnNO.jpg,https://t.co/AS7lKSAwS7
"""1178815161760714752""","""1178806356263895041""",https://pbs.twimg.com/media/EFv2IqwVAAE_9cI.jpg,https://t.co/AS7lKSAwS7
"""1178815161760714752""","""1178806383291990016""",https://pbs.twimg.com/media/EFv2KPcVAAAuJyD.jpg,https://t.co/AS7lKSAwS7
"""1175796445372436480""","""1175059624011210753""",https://pbs.twimg.com/media/EE6mgJcXoAErn1d.jpg,https://t.co/XT4PjtsSHN
"""1171903619626668034""","""1171855462872080390""",https://pbs.twimg.com/media/EENEVbCXYAYMfF6.jpg,https://t.co/n0oR62GYHh
"""1171900124508958720""","""1171896482489929728""",https://pbs.twimg.com/media/EENppFBXkAAwB_A.jpg,https://t.co/G99Rtb0LP8
"""1171133763021135874""","""1171121294189957121""",https://pbs.twimg.com/media/EEConLkWkAEP50H.jpg,https://t.co/wrZNTOyGyo
"""1169809375793418240""","""1169808265384873985""",https://pbs.twimg.com/media/EDv-a2GU0AEaiDa.jpg,https://t.co/yAczbEhAMZ
"""1169730629870804993""","""1169730594135248897""",https://pbs.twimg.com/media/EDu3xyJWkAEYsT6.jpg,https://t.co/kuyc7ef9P0
"""1169730629870804993""","""1169730615937290241""",https://pbs.twimg.com/media/EDu3zDXXUAEq5Xv.jpg,https://t.co/kuyc7ef9P0
"""1168643216402460672""","""1168557257405227008""",https://pbs.twimg.com/media/EDeMomNX4AAAK0e.png,https://t.co/g38YuIOfLT
"""1168643216402460672""","""1168557257413595136""",https://pbs.twimg.com/media/EDeMomPXkAAwwNe.png,https://t.co/g38YuIOfLT
"""1168643216402460672""","""1168557257409421312""",https://pbs.twimg.com/media/EDeMomOX4AAqVNg.png,https://t.co/g38YuIOfLT
"""1168643216402460672""","""1168557257405149184""",https://pbs.twimg.com/media/EDeMomNWsAAXiAa.png,https://t.co/g38YuIOfLT
"""1168590401126711298""","""1168400716186247168""",https://pbs.twimg.com/media/EDb-QsuX4AA25xh.jpg,https://t.co/0bNQKkaHrL
"""1168564831282221056""","""1168524015104868352""",https://pbs.twimg.com/media/EDduZo_WwAAEtW8.jpg,https://t.co/0ZCMGACrJ9
"""1168304138528198657""","""1167987816237809664""",https://pbs.twimg.com/media/EDWGuwjWwAAVrkJ.jpg,https://t.co/leUsBCeZmS
"""1168289327832604672""","""1168275818524618753""",https://pbs.twimg.com/media/EDaMqsrWsAET_RQ.jpg,https://t.co/INR9QhkClF
"""1168289327832604672""","""1168275818524610561""",https://pbs.twimg.com/media/EDaMqsrWkAEMwRm.jpg,https://t.co/INR9QhkClF
"""1167575656240230401""","""1167575334629363713""",https://pbs.twimg.com/media/EDQPlK0XUAE-t3R.jpg,https://t.co/rKx1uzqcWj
"""1167487413201047552""","""1167264226571739136""",https://pbs.twimg.com/media/EDL0oS_UYAAkiX_.png,https://t.co/lCnewaRu4I
"""1164358239590502400""","""1164215533262311424""",https://pbs.twimg.com/media/ECgf2_YXkAAeVAO.jpg,https://t.co/n2qv1hXuWF
"""1164023765149372416""","""1163937168638660608""",https://pbs.twimg.com/media/ECcisCWU0AAvzJm.jpg,https://t.co/zn3Xdklx1o
"""1164023765149372416""","""1163937168638636032""",https://pbs.twimg.com/media/ECcisCWUcAArXKe.jpg,https://t.co/zn3Xdklx1o
"""1164023765149372416""","""1163937168630243328""",https://pbs.twimg.com/media/ECcisCUUYAA74CD.jpg,https://t.co/zn3Xdklx1o
"""1164023765149372416""","""1163937168638656512""",https://pbs.twimg.com/media/ECcisCWUwAAIhEk.jpg,https://t.co/zn3Xdklx1o
"""1163160311546961920""","""1162913724853837824""",https://pbs.twimg.com/media/ECN_3xJW4AAsTn8.jpg,https://t.co/s0DqbIMfXR
"""1160976338771238912""","""1160866655204982784""",https://pbs.twimg.com/media/EBw6EocWwAAuDge.jpg,https://t.co/XghJBwyW91
"""1160570515230285825""","""1159839069813137409""",https://pbs.twimg.com/media/EBiTfSjU4AESlit.jpg,https://t.co/ZhhJoKK2JW
"""1159254545798750208""","""1159254539867971590""",https://pbs.twimg.com/media/EBZ_3K0W4AYxF1j.jpg,https://t.co/fld8fC8JR7
"""1159185025948143617""","""1159182326426931200""",https://pbs.twimg.com/media/EBY-LyyWkAAJfCd.jpg,https://t.co/rkyDa5rXIx
"""1159185025948143617""","""1159182326447902720""",https://pbs.twimg.com/media/EBY-Ly3WkAAFbcr.jpg,https://t.co/rkyDa5rXIx
"""1159185025948143617""","""1159182326422810625""",https://pbs.twimg.com/media/EBY-LyxXsAEOEAW.jpg,https://t.co/rkyDa5rXIx
"""1159185025948143617""","""1159182326460485632""",https://pbs.twimg.com/media/EBY-Ly6WkAAbs2s.jpg,https://t.co/rkyDa5rXIx
"""1158520431537741825""","""1158192872560025601""",https://pbs.twimg.com/media/EBK6R_5UYAEw8gK.jpg,https://t.co/W01qXp5G9Z
"""1155144372398284802""","""1154763723048988672""",https://pbs.twimg.com/media/EAaLfOfXsAAOo74.jpg,https://t.co/wGPvKwEibO
"""1154860330738159619""","""1154858990792323073""",https://pbs.twimg.com/media/EAbiIifXsAE5xS1.jpg,https://t.co/FSNAlmMAL1
"""1151759378233667584""","""1151725877085921281""",https://pbs.twimg.com/media/D_vAlUZU4AEx6EA.jpg,https://t.co/IT6fIs5b5k
"""1151547390412972032""","""1151413375735193601""",https://pbs.twimg.com/media/D_qkXWJUYAEgxfo.jpg,https://t.co/UESowDlW6h
"""1150158975771598848""","""1150068666454675456""",https://pbs.twimg.com/media/D_XdW9tWkAAS_B3.jpg,https://t.co/6E9biKIQj3
"""1150154054523400192""","""1150140391020290049""",https://pbs.twimg.com/media/D_Yel4iX4AEYLkq.jpg,https://t.co/KpXb49UBDc
"""1149589689516433408""","""1149589258744684546""",https://pbs.twimg.com/media/D_QpVw0U4AIXNYI.jpg,https://t.co/IfrcN7rvSM
"""1149116874598342656""","""1149106042602708993""",https://pbs.twimg.com/media/D_Jx24aW4AE84uS.jpg,https://t.co/3rUXojZDIi
"""1148259915485630465""","""1148067204304216064""",https://pbs.twimg.com/media/D-7BCiLUIAAcB9_.jpg,https://t.co/mGhEnZSBLZ
"""1147889553572847616""","""1147118107338653696""",https://pbs.twimg.com/media/D-th10dWwAAV2Ri.jpg,https://t.co/BTE3N7Q7ql
"""1147566000910548998""","""1147541074509848576""",https://pbs.twimg.com/media/D-zihv9UYAACGY1.jpg,https://t.co/3JEtLMsDHW
"""1142887017241616384""","""1142714148943302658""",https://pbs.twimg.com/media/D9u8ds-UEAI5Xcs.jpg,https://t.co/zKcaY7kJNj
"""1142886996483985408""","""1142745275351441408""",https://pbs.twimg.com/media/D9vYxf4UIAA_ROy.jpg,https://t.co/IoFbv28Wld
"""1141075994935250946""","""1141075990199906304""",https://pbs.twimg.com/media/D9XqkUGXsAAPG0b.jpg,https://t.co/wM5TEf6H3O
"""1139730345773928448""","""510254185699639296""",https://pbs.twimg.com/media/BxTJenvIgAAQQ9g.png,http://t.co/E57oeoQYpI
"""1139033501670490112""","""1139019403427631104""",https://pbs.twimg.com/media/D86cHNWU0AA4mfZ.jpg,https://t.co/E0PyX6QXWp
"""1139033501670490112""","""1139019403461242886""",https://pbs.twimg.com/media/D86cHNeVsAYenfI.jpg,https://t.co/E0PyX6QXWp
"""1138853953532321792""","""1138777985765580800""",https://pbs.twimg.com/media/D83Ai2eXoAAr48o.jpg,https://t.co/daocuXpZ8N
"""1138164951028314112""","""1138109073587613697""",https://pbs.twimg.com/media/D8tgLCbWsAE4nrz.jpg,https://t.co/fkKrrmvNV5
"""1137459255840260096""","""1137193774713430017""",https://pbs.twimg.com/media/D8gftoaUYAElB4p.jpg,https://t.co/QHfDXyBzaC
"""1137459255840260096""","""1137193774709272576""",https://pbs.twimg.com/media/D8gftoZU8AA7FPQ.jpg,https://t.co/QHfDXyBzaC
"""1137441618519310338""","""1137020946764763138""",https://pbs.twimg.com/media/D8eChuIXkAIhOrn.jpg,https://t.co/qhWa355PyR
"""1137167397511712770""","""1137143869395656704""",https://pbs.twimg.com/media/D8fyUwnXYAAVgEC.jpg,https://t.co/Y0vg0bbs9n
"""1137031336974327809""","""1137019306410164224""",https://pbs.twimg.com/media/D8eBCPVWwAAhhQF.jpg,https://t.co/aI9Z4lfGtQ
"""1136481139873538049""","""1136466811728171008""",https://pbs.twimg.com/media/D8WKi0QUEAAZiP6.jpg,https://t.co/JNx4av4osC
"""1136481139873538049""","""1136466811728277507""",https://pbs.twimg.com/media/D8WKi0QVsAMmVnB.jpg,https://t.co/JNx4av4osC
"""1135747323273916416""","""1135695651444994048""",https://pbs.twimg.com/media/D8LNLYVVsAAXEk8.jpg,https://t.co/94pU9reTZ7
"""1135006749709230080""","""1134921617983856641""",https://pbs.twimg.com/media/D8ANMs_W4AEy5B0.jpg,https://t.co/f2gJjuR54p
"""1130896867863203845""","""1130896837869752322""",https://pbs.twimg.com/media/D7HArqrW0AIeLU9.jpg,https://t.co/rI3uowbUDD
"""1130896867863203845""","""1130896853661298689""",https://pbs.twimg.com/media/D7HAslgWsAEk5RU.jpg,https://t.co/rI3uowbUDD
"""1129947530979106817""","""1129928437668253698""",https://pbs.twimg.com/media/D65P7WzUEAIUHA0.jpg,https://t.co/0RNowyAV1Y
"""1129798600001822721""","""1129769731508932608""",https://pbs.twimg.com/media/D62_lcSUEAAue2x.jpg,https://t.co/X7wL0JDiwG
"""1124460954236936193""","""1124387466771927042""",https://pbs.twimg.com/media/D5qgcZrXkAIgro2.jpg,https://t.co/Zkd4bE3js0
"""1124298184212217857""","""1124218321518223360""",https://pbs.twimg.com/media/D5oGm2gUYAA-IyD.jpg,https://t.co/uk7RCd2SdZ
"""1123597594045898752""","""1123576161089441792""",https://pbs.twimg.com/media/D5e-kMfVUAAyCup.jpg,https://t.co/jBit27gH3S
"""1123597594045898752""","""1123576161097764864""",https://pbs.twimg.com/media/D5e-kMhUUAAGTMU.jpg,https://t.co/jBit27gH3S
"""1123347375542734848""","""1123198678620090368""",https://pbs.twimg.com/media/D5ZnP0tWsAAqolk.jpg,https://t.co/NSzPa8lhGg
"""1122478566938173440""","""1122447170634797056""",https://pbs.twimg.com/media/D5O7wTTUUAAVI8C.jpg,https://t.co/qOHuKYWJlh
"""1121087996336508930""","""1121041245579685893""",https://pbs.twimg.com/media/D469EsVWsAUI-vk.jpg,https://t.co/5aOlTuTbd7
"""1121087996336508930""","""1121041245311262721""",https://pbs.twimg.com/media/D469ErVW4AEOxm8.jpg,https://t.co/5aOlTuTbd7
"""1121087996336508930""","""1121041245630083072""",https://pbs.twimg.com/media/D469EshXsAADTwB.jpg,https://t.co/5aOlTuTbd7
"""1121087996336508930""","""1121041245550325760""",https://pbs.twimg.com/media/D469EsOWsAAN9zL.jpg,https://t.co/5aOlTuTbd7
"""1121087647890452480""","""1120967720386748416""",https://pbs.twimg.com/media/D456M9pU4AAaoNH.jpg,https://t.co/UeaD6N6IkI
"""1120390123802234881""","""1120154333616590849""",https://pbs.twimg.com/media/D4uWbnzU0AEoM41.jpg,https://t.co/qHsKHbJMuN
"""1119429095203463168""","""1119421772292452352""",https://pbs.twimg.com/media/D4j8K8NUcAAT1fO.jpg,https://t.co/iP8Tg88I0y
"""1111694309500305408""","""1111334358273523712""",https://pbs.twimg.com/media/D2xAtfOUgAArgV0.jpg,https://t.co/WmeqWuq4U6
"""1110253525320245250""","""1110220360434229248""",https://pbs.twimg.com/media/D2hLiR4WoAAxezo.jpg,https://t.co/3W7QOrvzPh
"""1109478842475991040""","""1109478240094162946""",https://pbs.twimg.com/media/D2WolMLWkAITvDb.jpg,https://t.co/Exg1En5MHd
"""1108806935950905344""","""1105786032971116544""",https://pbs.twimg.com/media/D1iKiczU8AAlB6g.jpg,https://t.co/RkfQwfvttT
"""1105242864815087616""","""1081413078036688896""",https://pbs.twimg.com/media/DwHzdwPWsAAxccb.jpg,https://t.co/SQ0VhZpvTS
"""1102509311488638976""","""1102509212754690048""",https://pbs.twimg.com/media/D0zmSaPWwAAI0Hd.jpg,https://t.co/p1lYme0iZY
"""1101542257763803136""","""1100744688359882753""",https://pbs.twimg.com/media/D0ahdkoWwAE-L5l.jpg,https://t.co/21mU3UQgcG
"""1100368790766977024""","""1100315842506616832""",https://pbs.twimg.com/media/D0UbbdVXcAA5yzu.jpg,https://t.co/Glt12Rtcqi
"""1098311037772853248""","""1098311031808540672""",https://pbs.twimg.com/media/Dz38EHfXQAAoOj2.jpg,https://t.co/mlLasWKEAV
"""1097880302393978880""","""1097873721149276160""",https://pbs.twimg.com/media/DzxuVSVWwAAnWug.jpg,https://t.co/vkUqBhB14s
"""1094648579514400768""","""1093935032123777027""",https://pbs.twimg.com/media/Dy5wHaUX4AMnnXt.jpg,https://t.co/blzNXNEDhg
"""1093989561406025729""","""1044613492324487168""",https://pbs.twimg.com/media/Dn82b8mU0AAbyEO.jpg,https://t.co/erllDdURAM
"""1092824464226701312""","""1092814743658745856""",https://pbs.twimg.com/media/Dyp1OCkW0AAfH3W.jpg,https://t.co/EWqXSfEtFf
"""1089280874225549313""","""1089280866856194050""",https://pbs.twimg.com/media/Dx3nLVmX0AIIYVk.jpg,https://t.co/CoRHidX4F3
"""1088515629265633282""","""1088439098170318848""",https://pbs.twimg.com/media/Dxrpl84WoAAKmiP.jpg,https://t.co/mrMOIg0mDr
"""1088444678771535872""","""1088180164670951425""",https://pbs.twimg.com/media/Dxn-GCbWkAE_e3z.jpg,https://t.co/n8dS5l8A9D
"""1088344395915632640""","""1088252314086006784""",https://pbs.twimg.com/media/Dxo_tr8X4AAJm3G.jpg,https://t.co/BTry1PfwBJ
"""1088131570760933378""","""1088102204412776450""",https://pbs.twimg.com/media/Dxm3MJ1X0AINXpr.jpg,https://t.co/SLctjMmDRa
"""1087769980861628416""","""1087748270452076545""",https://pbs.twimg.com/media/Dxh1SfFXcAEI_P4.jpg,https://t.co/M7GuI90boV
"""1087479001617178625""","""1087394603580514304""",https://pbs.twimg.com/media/DxczoXUX4AAf1HF.jpg,https://t.co/QLdwQLtOBw
"""1087260569567182848""","""1087258692729196545""",https://pbs.twimg.com/media/Dxa4BT8UUAEwOof.jpg,https://t.co/CoijEPVgYV
"""1084439908893294593""","""1084250096345190400""",https://pbs.twimg.com/media/DwwHt9BWkAAdPbM.jpg,https://t.co/MRwKUOgEIM
"""1079531520153567232""","""1079531514084364288""",https://pbs.twimg.com/media/DvtEMUTWkAAmfJa.jpg,https://t.co/zzeI0WyIqD
"""1077656328905125891""","""1077554889855766537""",https://pbs.twimg.com/media/DvQ-dpPWkAkv4cE.jpg,https://t.co/XcZRAiG4U1
"""1077013913512878080""","""1076987842348298240""",https://pbs.twimg.com/media/DvI6vIqVsAA5LzQ.jpg,https://t.co/skAQCorsn1
"""1073691358848782336""","""1072722945280069632""",https://pbs.twimg.com/media/DuMT1c_UUAAdN7t.jpg,https://t.co/z4lrZrjCjg
"""1073691358848782336""","""1072723168568078336""",https://pbs.twimg.com/media/DuMUCczU8AAZ9LO.jpg,https://t.co/z4lrZrjCjg
"""1073691358848782336""","""1072722823511072768""",https://pbs.twimg.com/media/DuMTuXXU4AAzilQ.jpg,https://t.co/z4lrZrjCjg
"""1073691358848782336""","""1072722945280110593""",https://pbs.twimg.com/media/DuMT1c_U8AEquxR.jpg,https://t.co/z4lrZrjCjg
"""1070051383557132288""","""1070051377647370240""",https://pbs.twimg.com/media/DtmWDwAWwAAID1W.jpg,https://t.co/eB9IbMWbVN
"""1068538074920046592""","""1068490393375793153""",https://pbs.twimg.com/media/DtQKWgcU4AE-iDh.jpg,https://t.co/MU9CiPpAgc
"""1067631573242183680""","""1067625074847473665""",https://pbs.twimg.com/media/DtD3WVuVYAEdkuW.jpg,https://t.co/ax16mnO1EJ
"""1061844403529093122""","""1061830587680354304""",https://pbs.twimg.com/media/DrxhSy5U8AAzbAv.jpg,https://t.co/7DM4Y6g4mt
"""1061839289670086656""","""1061787826600108032""",https://pbs.twimg.com/media/Drw6ZxdVYAAe0nK.jpg,https://t.co/I8mcJHa8VC
"""1059804775062163456""","""1059804769257177088""",https://pbs.twimg.com/media/DrUu0pLWwAAbuwO.jpg,https://t.co/CKdEBNo0TG
"""1059490467476312064""","""1059458422763065345""",https://pbs.twimg.com/media/DrPz0n8WkAErK1B.jpg,https://t.co/A3h3Z8Hl5c
"""1057764115509338112""","""1057764050623455232""",https://pbs.twimg.com/media/Dq3uzL2W4AAWZVD.jpg,https://t.co/rLxmh7NURV
"""1057764115509338112""","""1057764082441510914""",https://pbs.twimg.com/media/Dq3u1CYX4AINJ5J.jpg,https://t.co/rLxmh7NURV
"""1057764115509338112""","""1057764106852319232""",https://pbs.twimg.com/media/Dq3u2dUXQAAIO3B.jpg,https://t.co/rLxmh7NURV
"""1051271259907067905""","""1051271250096603136""",https://pbs.twimg.com/media/DpbdodCWwAAPadb.jpg,https://t.co/oUQGwYp7hn
"""1051229063145119744""","""1051224650867445761""",https://pbs.twimg.com/media/DpazQBYWkAEYL3J.jpg,https://t.co/PClKVjqiDz
"""1051229063145119744""","""1051224650733289472""",https://pbs.twimg.com/media/DpazQA4XgAALXHy.jpg,https://t.co/PClKVjqiDz
"""1051229063145119744""","""1051224650754285568""",https://pbs.twimg.com/media/DpazQA9X4AASp4o.jpg,https://t.co/PClKVjqiDz
"""1051229063145119744""","""1051224650825523200""",https://pbs.twimg.com/media/DpazQBOW4AAMymN.jpg,https://t.co/PClKVjqiDz
"""1050513637876621312""","""1050374793411915776""",https://pbs.twimg.com/media/DpOuTzpXcAAB2WD.jpg,https://t.co/QNBZFYH0SE
"""1048769190390325248""","""1048769183767519232""",https://pbs.twimg.com/media/Do36BBnW4AA7ooq.jpg,https://t.co/2Kh2M9pKoa
"""1046234815199162369""","""1046234800242257921""",https://pbs.twimg.com/media/DoT5AfQXcAEch5C.jpg,https://t.co/zNmdORLymC
"""1046234815199162369""","""1046234809188732928""",https://pbs.twimg.com/media/DoT5BAlX0AAYVSg.jpg,https://t.co/zNmdORLymC
"""1042465150190661632""","""1042408193081597953""",https://pbs.twimg.com/media/DndguouV4AE4VC0.jpg,https://t.co/mYu20YaUoI
"""1039163401858150402""","""1039128055728332800""",https://pbs.twimg.com/media/Dmu5dg3UYAAYAhT.jpg,https://t.co/tibwBW5Mny
"""1038929179151138816""","""1037495152850362369""",https://pbs.twimg.com/media/DmXsWDnV4AEMRvu.jpg,https://t.co/cFqJJGl40H
"""1035669480830062592""","""1035663567209619456""",https://pbs.twimg.com/media/Dl9qhvZX4AA0fpM.jpg,https://t.co/cD9RANUQXe
"""1035626634257281025""","""1035476290529185793""",https://pbs.twimg.com/media/Dl7AMzZU0AE_ZId.jpg,https://t.co/0GZ7QRZJWY
"""1035626634257281025""","""1035476290508226561""",https://pbs.twimg.com/media/Dl7AMzUVAAE_h32.jpg,https://t.co/0GZ7QRZJWY
"""1035626634257281025""","""1035476290512379904""",https://pbs.twimg.com/media/Dl7AMzVUYAAQb5K.jpg,https://t.co/0GZ7QRZJWY
"""1033940416708653058""","""1033819078626930688""",https://pbs.twimg.com/media/Dljc-X-UcAA7KRi.jpg,https://t.co/sB2qUVKo2s
"""1033940416708653058""","""1033819078643789824""",https://pbs.twimg.com/media/Dljc-YCVsAAa-rS.jpg,https://t.co/sB2qUVKo2s
"""1033548004328960000""","""1033442574520872960""",https://pbs.twimg.com/media/DleGi84U8AABfen.jpg,https://t.co/HWD9TUPhGd
"""1032297114397802498""","""1032296382277853185""",https://pbs.twimg.com/media/DlN0FyCXoAE_haX.jpg,https://t.co/Hwgr40qBRn
"""1030573523079782400""","""1030573515395612672""",https://pbs.twimg.com/media/Dk1VJuwUwAAoEz1.jpg,https://t.co/6jw4fBQOwY
"""1029882507800600576""","""1029535860109131776""",https://pbs.twimg.com/media/DkmlaPlUwAAGTc3.jpg,https://t.co/d6LKgZeUnW
"""1029882507800600576""","""1029535860117499904""",https://pbs.twimg.com/media/DkmlaPnUcAARbt-.jpg,https://t.co/d6LKgZeUnW
"""1027343157820903425""","""1027343155165884418""",https://pbs.twimg.com/media/DkHbKBIXcAIl0Co.jpg,https://t.co/QhHkg5FBIo
"""1027263942299660288""","""1027181948735840256""",https://pbs.twimg.com/media/DkFIikYX4AABew0.jpg,https://t.co/2KSpRUdMrJ
"""1027263942299660288""","""1027181948735836160""",https://pbs.twimg.com/media/DkFIikYX0AA18hf.jpg,https://t.co/2KSpRUdMrJ
"""1027263942299660288""","""1027181948723245057""",https://pbs.twimg.com/media/DkFIikVXsAEuBYh.jpg,https://t.co/2KSpRUdMrJ
"""1027263942299660288""","""1027181948740022272""",https://pbs.twimg.com/media/DkFIikZXsAA3PKx.jpg,https://t.co/2KSpRUdMrJ
"""1025974364389433344""","""1025947619116249088""",https://pbs.twimg.com/media/Djzl7IOU8AAT9MO.jpg,https://t.co/wPWCNeJaw0
"""1025920913345335297""","""1025920903253766144""",https://pbs.twimg.com/media/DjzNoD4WsAA5kE4.jpg,https://t.co/fr47smWRcr
"""1025920493931712512""","""1025920461522317318""",https://pbs.twimg.com/media/DjzNOWTXsAY38AQ.jpg,https://t.co/qWwzhHEM5l
"""1025920493931712512""","""1025920476932173824""",https://pbs.twimg.com/media/DjzNPPtXcAAYHyC.jpg,https://t.co/qWwzhHEM5l
"""1025920493931712512""","""1025920486654533633""",https://pbs.twimg.com/media/DjzNPz7W4AE0OLi.jpg,https://t.co/qWwzhHEM5l
"""1025784627523411968""","""1020752069030862848""",https://pbs.twimg.com/media/DipwmT5UYAAaRah.jpg,https://t.co/oZP4yyYNEW
"""1025780417272717312""","""1025777638881652737""",https://pbs.twimg.com/media/DjxLU-gUcAE6x2W.jpg,https://t.co/yomu0pi2M3
"""1022568144676823040""","""1022568142529290245""",https://pbs.twimg.com/media/DjDkTs4W4AU7HP0.jpg,https://t.co/dhUTq1d9NV
"""1022492973572009984""","""1022455984394985472""",https://pbs.twimg.com/media/DjB-TPRV4AAFKGU.jpg,https://t.co/VsSe3hGLoc
"""1021782270712193026""","""1021725181260136448""",https://pbs.twimg.com/media/Di3lo5cVAAAyrpf.jpg,https://t.co/75nMqtlTUb
"""1021782270712193026""","""1021725181243416577""",https://pbs.twimg.com/media/Di3lo5YV4AEc6wV.jpg,https://t.co/75nMqtlTUb
"""1021439209377320960""","""1021244417921843201""",https://pbs.twimg.com/media/DiwwYycVAAEjjQv.jpg,https://t.co/9xSm2pZQtI
"""1020752127302537217""","""1020752069030862848""",https://pbs.twimg.com/media/DipwmT5UYAAaRah.jpg,https://t.co/oZP4yyYNEW
"""1020739068605489154""","""1020608266252967936""",https://pbs.twimg.com/media/Dintz4zV4AAea9U.jpg,https://t.co/6JbS41xOb1
"""1020364094996664322""","""1020352062318493696""",https://pbs.twimg.com/media/DikEy2xUwAAGTSX.jpg,https://t.co/Av1mcDn2HC
"""1019745008335966208""","""1019744985380544514""",https://pbs.twimg.com/media/DibcqU8X4AIDyj1.jpg,https://t.co/Bg9dRXSlSP
"""1019745008335966208""","""1019745001419563009""",https://pbs.twimg.com/media/DibcrQsX4AETTgi.jpg,https://t.co/Bg9dRXSlSP
"""1019680864647696384""","""1019680854056976384""",https://pbs.twimg.com/media/DiaiVZJVQAArEO_.jpg,https://t.co/umbPdsA6G3
"""1018527443060183040""","""1018210843367038977""",https://pbs.twimg.com/media/DiFpXglX4AEtZLX.jpg,https://t.co/DXJy0B9XUd
"""1018123820270571521""","""1018015495092465664""",https://pbs.twimg.com/media/DiC3svjUcAAUiAD.jpg,https://t.co/SxbBfCA4iO
"""1018123820270571521""","""1018015495079907329""",https://pbs.twimg.com/media/DiC3svgU0AEBKOG.jpg,https://t.co/SxbBfCA4iO
"""1018010999650181120""","""1017872246088429569""",https://pbs.twimg.com/media/DiA1ajbUcAEYo-I.jpg,https://t.co/cZI06D8Dqj
"""1017895245973999617""","""917180040214855680""",https://pbs.twimg.com/media/DLp6YxwVwAAso_d.jpg,https://t.co/v8cHKLbIph
"""1017895245973999617""","""917180040126775296""",https://pbs.twimg.com/media/DLp6YxbVwAAdrki.jpg,https://t.co/v8cHKLbIph
"""1017895245973999617""","""917180040126664704""",https://pbs.twimg.com/media/DLp6YxbUEAAkqKw.jpg,https://t.co/v8cHKLbIph
"""1017895245973999617""","""917180040340631556""",https://pbs.twimg.com/media/DLp6YyOU8AQbRvJ.jpg,https://t.co/v8cHKLbIph
"""1017847913433698304""","""1017730982752014336""",https://pbs.twimg.com/media/Dh-078fX0AAu4uH.jpg,https://t.co/cLH2JFwKaM
"""1017847801475223555""","""1017735896924188672""",https://pbs.twimg.com/media/Dh-5Z_NUcAASyGK.jpg,https://t.co/gsU2Q2UZUA
"""1017217296471937026""","""1017113882039603201""",https://pbs.twimg.com/media/Dh2Dr9MW0AEEOXQ.jpg,https://t.co/mr8zhlj35c
"""1017177934254272520""","""977447053151256576""",https://pbs.twimg.com/media/DZCW6oXVQAAwrdG.jpg,https://t.co/Hwdtv9HAgG
"""1014905148521447425""","""1014325937213566976""",https://pbs.twimg.com/media/DhOcENYUcAA5rmM.jpg,https://t.co/7UDLuZDlD2
"""1014905148521447425""","""1014325956410949632""",https://pbs.twimg.com/media/DhOcFU5VQAAvXRu.jpg,https://t.co/7UDLuZDlD2
"""1014698212945465344""","""1014698210516971520""",https://pbs.twimg.com/media/DhTupXgWsAAZqRb.jpg,https://t.co/vflUQD4hFL
"""1014218517514801152""","""1013572135170629632""",https://pbs.twimg.com/media/DhDufJ8UYAAAunc.jpg,https://t.co/vBzGfa4ocr
"""1014218517514801152""","""1013572135174828034""",https://pbs.twimg.com/media/DhDufJ9UcAIIoMp.jpg,https://t.co/vBzGfa4ocr
"""1014057943355088896""","""1013998832034574336""",https://pbs.twimg.com/media/DhJykLoU8AA8n3h.jpg,https://t.co/bsmeNeRCUQ
"""1013529754207703046""","""1013529746393763840""",https://pbs.twimg.com/media/DhDH7zcXkAAPkyF.jpg,https://t.co/1GAMcqdVqj
"""1013293112876322818""","""1013293110917464064""",https://pbs.twimg.com/media/Dg_wtzmWAAAl8FF.jpg,https://t.co/wzkbGSU0p6
"""1012804320532844544""","""1012769593733967872""",https://pbs.twimg.com/media/Dg4UlGHUcAAyvvQ.jpg,https://t.co/2tGetQ0kRG
"""1012731990645379074""","""1012727434586644480""",https://pbs.twimg.com/media/Dg3uPHDUYAA4ASD.jpg,https://t.co/Uizstxo46T
"""1011832686904860673""","""1011682018525155328""",https://pbs.twimg.com/media/Dgo3b4vXkAA7t1r.jpg,https://t.co/0vs90vYCiq
"""1011719692287987717""","""1011719681571508225""",https://pbs.twimg.com/media/DgpZsKhXUAEtHep.jpg,https://t.co/HiWZRANIzh
"""1011719553158733826""","""1011719545294290944""",https://pbs.twimg.com/media/DgpZkO2WAAAf6jO.jpg,https://t.co/x5q5I67cgr
"""1011684895163408384""","""1011684881414414337""",https://pbs.twimg.com/media/Dgo6Ch1W4AEKWnu.jpg,https://t.co/a6m7Ge6N3J
"""1011684895163408384""","""1011684887194144772""",https://pbs.twimg.com/media/Dgo6C3XWkAQk0Su.jpg,https://t.co/a6m7Ge6N3J
"""1009215434611191809""","""1009215420916641792""",https://pbs.twimg.com/media/DgF0FAmVMAAFJow.jpg,https://t.co/0WrzL5P9aR
"""1007126382223249408""","""1006959416548184074""",https://pbs.twimg.com/media/DflwQRaW0Aox0CJ.jpg,https://t.co/tLOxCgCgoZ
"""1006391173056000000""","""1006391164537311233""",https://pbs.twimg.com/media/DfdrbptWkAEOnuS.jpg,https://t.co/a3kdAjE0gO
"""1004544572402421761""","""1004543503916044290""",https://pbs.twimg.com/media/DfDa_phXkAIZT3y.jpg,https://t.co/2IKxSsL9qC
"""1004390949546528769""","""1004357278785462272""",https://pbs.twimg.com/media/DfAxn62V4AAzoXx.jpg,https://t.co/O0ulLPx86k
"""1000189009501609985""","""1000164656613228545""",https://pbs.twimg.com/media/DeFMdMJVAAENCty.jpg,https://t.co/1q1iLRhFZr
"""999083767871557633""","""998935952318906368""",https://pbs.twimg.com/media/Ddzu9L9VwAApClv.jpg,https://t.co/1gi4ergtTt
"""998576212187500544""","""998559056427024386""",https://pbs.twimg.com/media/DduYK9WVAAI8TdO.jpg,https://t.co/G9NQ5KRxa9
"""997137282766385152""","""997093063217442816""",https://pbs.twimg.com/media/DdZi27EU8AARGSE.jpg,https://t.co/ao1VnptuNG
"""995700957492273158""","""995672541606895618""",https://pbs.twimg.com/media/DdFW5rsW4AIywhj.jpg,https://t.co/GamiuWRAkE
"""995518439564423168""","""995518411789733888""",https://pbs.twimg.com/media/DdDKuJYWkAAWt2z.jpg,https://t.co/GIEyPnpYi5
"""995518439564423168""","""995518420883042304""",https://pbs.twimg.com/media/DdDKurQXcAA1qxi.jpg,https://t.co/GIEyPnpYi5
"""995518439564423168""","""995518437320470529""",https://pbs.twimg.com/media/DdDKvofWsAEFCoL.jpg,https://t.co/GIEyPnpYi5
"""993172432419786752""","""993166036340965376""",https://pbs.twimg.com/media/DchvP38WAAAP-dx.jpg,https://t.co/ApBBI5fh2v
"""992624456605544449""","""992554508923424773""",https://pbs.twimg.com/media/DcZDESyX0AUqD0s.jpg,https://t.co/qa0gRO55d5
"""991825803318001664""","""989822154752618496""",https://pbs.twimg.com/media/DbyOAWTXcAA4Sd3.jpg,https://t.co/nGkS59Sh8u
"""991825803318001664""","""989822165276086272""",https://pbs.twimg.com/media/DbyOA9gW0AAyuUJ.jpg,https://t.co/nGkS59Sh8u
"""990402822490509312""","""990402760582619136""",https://pbs.twimg.com/media/Db6eEDkX4AAGcmX.jpg,https://t.co/xaMLf80tin
"""990402822490509312""","""990402806359232512""",https://pbs.twimg.com/media/Db6eGuGXkAAxaep.jpg,https://t.co/xaMLf80tin
